[{"model": "bookstore.author", "pk": 1, "fields": {"name": "Author1", "age": 61}}, {"model": "bookstore.author", "pk": 2, "fields": {"name": "Author2", "age": 69}}, {"model": "bookstore.author", "pk": 3, "fields": {"name": "Author3", "age": 69}}, {"model": "bookstore.author", "pk": 4, "fields": {"name": "Author4", "age": 67}}, {"model": "bookstore.author", "pk": 5, "fields": {"name": "Author5", "age": 53}}, {"model": "bookstore.author", "pk": 6, "fields": {"name": "Author6", "age": 67}}, {"model": "bookstore.author", "pk": 7, "fields": {"name": "Author7", "age": 71}}, {"model": "bookstore.author", "pk": 8, "fields": {"name": "Author8", "age": 43}}, {"model": "bookstore.author", "pk": 9, "fields": {"name": "Author9", "age": 68}}, {"model": "bookstore.author", "pk": 10, "fields": {"name": "Author10", "age": 34}}, {"model": "bookstore.author", "pk": 11, "fields": {"name": "Author11", "age": 38}}, {"model": "bookstore.author", "pk": 12, "fields": {"name": "Author12", "age": 47}}, {"model": "bookstore.author", "pk": 13, "fields": {"name": "Author13", "age": 29}}, {"model": "bookstore.author", "pk": 14, "fields": {"name": "Author14", "age": 21}}, {"model": "bookstore.author", "pk": 15, "fields": {"name": "Author15", "age": 57}}, {"model": "bookstore.author", "pk": 16, "fields": {"name": "Author16", "age": 25}}, {"model": "bookstore.author", "pk": 17, "fields": {"name": "Author17", "age": 60}}, {"model": "bookstore.author", "pk": 18, "fields": {"name": "Author18", "age": 62}}, {"model": "bookstore.author", "pk": 19, "fields": {"name": "Author19", "age": 58}}, {"model": "bookstore.author", "pk": 20, "fields": {"name": "Author20", "age": 75}}, {"model": "bookstore.publisher", "pk": 1, "fields": {"name": "Publisher1"}}, {"model": "bookstore.publisher", "pk": 2, "fields": {"name": "Publisher2"}}, {"model": "bookstore.publisher", "pk": 3, "fields": {"name": "Publisher3"}}, {"model": "bookstore.publisher", "pk": 4, "fields": {"name": "Publisher4"}}, {"model": "bookstore.publisher", "pk": 5, "fields": {"name": "Publisher5"}}, {"model": "bookstore.book", "pk": 1, "fields": {"name": "Book1", "pages": 383, "price": "199.00", "rating": 6.80140097264916, "publisher": 1, "pubdate": "2020-08-08", "authors": [3, 8, 9, 11, 16]}}, {"model": "bookstore.book", "pk": 2, "fields": {"name": "Book2", "pages": 162, "price": "280.00", "rating": 9.203472241902757, "publisher": 1, "pubdate": "1983-12-07", "authors": [1, 6, 9, 17, 19]}}, {"model": "bookstore.book", "pk": 3, "fields": {"name": "Book3", "pages": 343, "price": "205.00", "rating": 0.931140181523058, "publisher": 1, "pubdate": "1999-06-24", "authors": [2, 3, 14, 15, 18]}}, {"model": "bookstore.book", "pk": 4, "fields": {"name": "Book4", "pages": 361, "price": "263.00", "rating": 0.3918186730083828, "publisher": 1, "pubdate": "1991-08-25", "authors": [5, 10, 12, 15, 20]}}, {"model": "bookstore.book", "pk": 5, "fields": {"name": "Book5", "pages": 471, "price": "228.00", "rating": 4.580718064482649, "publisher": 1, "pubdate": "1989-04-01", "authors": [5, 7, 8, 14, 15]}}, {"model": "bookstore.book", "pk": 6, "fields": {"name": "Book6", "pages": 530, "price": "292.00", "rating": 7.366912282994966, "publisher": 1, "pubdate": "1978-09-29", "authors": [6, 11, 12, 14, 17]}}, {"model": "bookstore.book", "pk": 7, "fields": {"name": "Book7", "pages": 390, "price": "115.00", "rating": 6.488191969889786, "publisher": 1, "pubdate": "1980-02-26", "authors": [2, 4, 8, 10, 16]}}, {"model": "bookstore.book", "pk": 8, "fields": {"name": "Book8", "pages": 535, "price": "74.00", "rating": 7.554069811673351, "publisher": 1, "pubdate": "1975-12-28", "authors": [11, 15, 18, 19, 20]}}, {"model": "bookstore.book", "pk": 9, "fields": {"name": "Book9", "pages": 465, "price": "140.00", "rating": 4.016105961765701, "publisher": 1, "pubdate": "1975-01-19", "authors": [5, 8, 10, 12, 20]}}, {"model": "bookstore.book", "pk": 10, "fields": {"name": "Book10", "pages": 483, "price": "229.00", "rating": 6.026350445258393, "publisher": 1, "pubdate": "2010-08-31", "authors": [4, 6, 10, 13, 17]}}, {"model": "bookstore.book", "pk": 11, "fields": {"name": "Book11", "pages": 623, "price": "53.00", "rating": 0.8157142058209221, "publisher": 1, "pubdate": "2018-10-28", "authors": [3, 10, 17, 18, 19]}}, {"model": "bookstore.book", "pk": 12, "fields": {"name": "Book12", "pages": 288, "price": "257.00", "rating": 6.417217962390871, "publisher": 1, "pubdate": "2008-07-06", "authors": [3, 5, 10, 13, 18]}}, {"model": "bookstore.book", "pk": 13, "fields": {"name": "Book13", "pages": 262, "price": "264.00", "rating": 7.7667133909427655, "publisher": 1, "pubdate": "2011-10-28", "authors": [8, 9, 10, 15, 17]}}, {"model": "bookstore.book", "pk": 14, "fields": {"name": "Book14", "pages": 416, "price": "182.00", "rating": 8.321873496618755, "publisher": 1, "pubdate": "2006-03-11", "authors": [11, 13, 14, 16, 19]}}, {"model": "bookstore.book", "pk": 15, "fields": {"name": "Book15", "pages": 387, "price": "186.00", "rating": 5.480534215151208, "publisher": 1, "pubdate": "2003-07-16", "authors": [4, 5, 10, 11, 12]}}, {"model": "bookstore.book", "pk": 16, "fields": {"name": "Book16", "pages": 468, "price": "201.00", "rating": 3.2198313494510167, "publisher": 1, "pubdate": "2009-08-13", "authors": [4, 6, 8, 19, 20]}}, {"model": "bookstore.book", "pk": 17, "fields": {"name": "Book17", "pages": 547, "price": "216.00", "rating": 6.799844275547508, "publisher": 1, "pubdate": "2013-12-23", "authors": [2, 7, 13, 17, 18]}}, {"model": "bookstore.book", "pk": 18, "fields": {"name": "Book18", "pages": 201, "price": "248.00", "rating": 1.291218899934481, "publisher": 1, "pubdate": "1978-08-30", "authors": [7, 9, 12, 13, 14]}}, {"model": "bookstore.book", "pk": 19, "fields": {"name": "Book19", "pages": 415, "price": "149.00", "rating": 6.993434637021863, "publisher": 1, "pubdate": "1998-05-21", "authors": [3, 8, 9, 12, 19]}}, {"model": "bookstore.book", "pk": 20, "fields": {"name": "Book20", "pages": 339, "price": "114.00", "rating": 2.5353908474094364, "publisher": 1, "pubdate": "1981-11-09", "authors": [8, 12, 13, 14, 15]}}, {"model": "bookstore.book", "pk": 21, "fields": {"name": "Book21", "pages": 151, "price": "283.00", "rating": 8.730313455124078, "publisher": 2, "pubdate": "2016-06-15", "authors": [2, 5, 13, 14, 20]}}, {"model": "bookstore.book", "pk": 22, "fields": {"name": "Book22", "pages": 332, "price": "284.00", "rating": 9.155854878168437, "publisher": 2, "pubdate": "1988-11-22", "authors": [2, 3, 6, 15, 18]}}, {"model": "bookstore.book", "pk": 23, "fields": {"name": "Book23", "pages": 315, "price": "117.00", "rating": 5.264725367137489, "publisher": 2, "pubdate": "2015-03-11", "authors": [2, 4, 5, 6, 9]}}, {"model": "bookstore.book", "pk": 24, "fields": {"name": "Book24", "pages": 477, "price": "209.00", "rating": 2.7746003477228056, "publisher": 2, "pubdate": "1988-04-28", "authors": [2, 7, 14, 16, 20]}}, {"model": "bookstore.book", "pk": 25, "fields": {"name": "Book25", "pages": 459, "price": "100.00", "rating": 1.3644205991422553, "publisher": 2, "pubdate": "1999-07-19", "authors": [1, 5, 7, 17, 19]}}, {"model": "bookstore.book", "pk": 26, "fields": {"name": "Book26", "pages": 661, "price": "119.00", "rating": 0.8246244689807503, "publisher": 2, "pubdate": "1999-12-04", "authors": [3, 4, 9, 13, 17]}}, {"model": "bookstore.book", "pk": 27, "fields": {"name": "Book27", "pages": 740, "price": "179.00", "rating": 7.997129805379607, "publisher": 2, "pubdate": "1977-04-04", "authors": [6, 11, 16, 17, 20]}}, {"model": "bookstore.book", "pk": 28, "fields": {"name": "Book28", "pages": 234, "price": "127.00", "rating": 6.908551499703455, "publisher": 2, "pubdate": "1973-12-09", "authors": [1, 3, 7, 11, 18]}}, {"model": "bookstore.book", "pk": 29, "fields": {"name": "Book29", "pages": 321, "price": "227.00", "rating": 6.119222966362764, "publisher": 2, "pubdate": "2002-11-29", "authors": [5, 6, 11, 14, 20]}}, {"model": "bookstore.book", "pk": 30, "fields": {"name": "Book30", "pages": 348, "price": "201.00", "rating": 0.45730193080037895, "publisher": 2, "pubdate": "2007-04-14", "authors": [1, 3, 6, 16, 20]}}, {"model": "bookstore.book", "pk": 31, "fields": {"name": "Book31", "pages": 733, "price": "75.00", "rating": 0.36653642385166774, "publisher": 2, "pubdate": "2003-06-03", "authors": [2, 5, 10, 11, 15]}}, {"model": "bookstore.book", "pk": 32, "fields": {"name": "Book32", "pages": 494, "price": "139.00", "rating": 7.649961013369894, "publisher": 2, "pubdate": "2001-04-01", "authors": [3, 8, 13, 14, 15]}}, {"model": "bookstore.book", "pk": 33, "fields": {"name": "Book33", "pages": 625, "price": "111.00", "rating": 4.301829905929393, "publisher": 2, "pubdate": "1985-02-04", "authors": [3, 4, 6, 8, 14]}}, {"model": "bookstore.book", "pk": 34, "fields": {"name": "Book34", "pages": 187, "price": "142.00", "rating": 5.149469728309107, "publisher": 2, "pubdate": "2016-03-18", "authors": [2, 9, 14, 16, 18]}}, {"model": "bookstore.book", "pk": 35, "fields": {"name": "Book35", "pages": 464, "price": "116.00", "rating": 7.764093503726771, "publisher": 2, "pubdate": "2010-03-07", "authors": [2, 8, 11, 13, 14]}}, {"model": "bookstore.book", "pk": 36, "fields": {"name": "Book36", "pages": 586, "price": "177.00", "rating": 9.959124693508471, "publisher": 2, "pubdate": "2009-07-01", "authors": [3, 5, 9, 15, 16]}}, {"model": "bookstore.book", "pk": 37, "fields": {"name": "Book37", "pages": 335, "price": "99.00", "rating": 5.611119836578417, "publisher": 2, "pubdate": "1974-07-09", "authors": [3, 4, 12, 14, 18]}}, {"model": "bookstore.book", "pk": 38, "fields": {"name": "Book38", "pages": 183, "price": "205.00", "rating": 5.487459897733057, "publisher": 2, "pubdate": "1975-11-12", "authors": [6, 7, 12, 16, 19]}}, {"model": "bookstore.book", "pk": 39, "fields": {"name": "Book39", "pages": 654, "price": "88.00", "rating": 3.863209663484154, "publisher": 2, "pubdate": "2017-01-03", "authors": [4, 5, 8, 9, 10]}}, {"model": "bookstore.book", "pk": 40, "fields": {"name": "Book40", "pages": 666, "price": "86.00", "rating": 6.395878274521948, "publisher": 2, "pubdate": "2020-07-30", "authors": [1, 3, 17, 18, 20]}}, {"model": "bookstore.book", "pk": 41, "fields": {"name": "Book41", "pages": 365, "price": "127.00", "rating": 9.732172060380066, "publisher": 3, "pubdate": "2007-07-27", "authors": [4, 10, 13, 16, 19]}}, {"model": "bookstore.book", "pk": 42, "fields": {"name": "Book42", "pages": 382, "price": "296.00", "rating": 8.932086583479787, "publisher": 3, "pubdate": "1974-04-14", "authors": [2, 3, 6, 7, 15]}}, {"model": "bookstore.book", "pk": 43, "fields": {"name": "Book43", "pages": 555, "price": "150.00", "rating": 7.876466683093274, "publisher": 3, "pubdate": "2017-04-24", "authors": [2, 3, 7, 10, 11]}}, {"model": "bookstore.book", "pk": 44, "fields": {"name": "Book44", "pages": 444, "price": "56.00", "rating": 4.655966584601505, "publisher": 3, "pubdate": "1980-11-25", "authors": [3, 4, 6, 12, 17]}}, {"model": "bookstore.book", "pk": 45, "fields": {"name": "Book45", "pages": 607, "price": "247.00", "rating": 3.138528826282517, "publisher": 3, "pubdate": "1980-05-21", "authors": [2, 5, 8, 10, 16]}}, {"model": "bookstore.book", "pk": 46, "fields": {"name": "Book46", "pages": 378, "price": "209.00", "rating": 1.2107285583083538, "publisher": 3, "pubdate": "1990-05-30", "authors": [3, 8, 9, 15, 19]}}, {"model": "bookstore.book", "pk": 47, "fields": {"name": "Book47", "pages": 632, "price": "135.00", "rating": 6.873959678831215, "publisher": 3, "pubdate": "1989-08-09", "authors": [2, 3, 9, 16, 18]}}, {"model": "bookstore.book", "pk": 48, "fields": {"name": "Book48", "pages": 280, "price": "93.00", "rating": 0.6559928613637978, "publisher": 3, "pubdate": "1988-02-08", "authors": [2, 4, 8, 14, 17]}}, {"model": "bookstore.book", "pk": 49, "fields": {"name": "Book49", "pages": 727, "price": "147.00", "rating": 5.485297203328448, "publisher": 3, "pubdate": "1998-03-27", "authors": [4, 5, 7, 12, 15]}}, {"model": "bookstore.book", "pk": 50, "fields": {"name": "Book50", "pages": 604, "price": "292.00", "rating": 0.6907183490735602, "publisher": 3, "pubdate": "2020-10-11", "authors": [2, 13, 16, 17, 20]}}, {"model": "bookstore.book", "pk": 51, "fields": {"name": "Book51", "pages": 332, "price": "194.00", "rating": 9.53099736793521, "publisher": 3, "pubdate": "2002-11-19", "authors": [7, 13, 16, 18, 19]}}, {"model": "bookstore.book", "pk": 52, "fields": {"name": "Book52", "pages": 471, "price": "235.00", "rating": 2.741952575065243, "publisher": 3, "pubdate": "2006-05-01", "authors": [11, 14, 15, 17, 20]}}, {"model": "bookstore.book", "pk": 53, "fields": {"name": "Book53", "pages": 476, "price": "143.00", "rating": 8.57980376994698, "publisher": 3, "pubdate": "2017-08-22", "authors": [2, 3, 13, 15, 19]}}, {"model": "bookstore.book", "pk": 54, "fields": {"name": "Book54", "pages": 583, "price": "151.00", "rating": 5.364441872785438, "publisher": 3, "pubdate": "1978-12-04", "authors": [13, 14, 16, 19, 20]}}, {"model": "bookstore.book", "pk": 55, "fields": {"name": "Book55", "pages": 772, "price": "95.00", "rating": 7.707140078785086, "publisher": 3, "pubdate": "2014-05-24", "authors": [6, 11, 13, 16, 17]}}, {"model": "bookstore.book", "pk": 56, "fields": {"name": "Book56", "pages": 694, "price": "274.00", "rating": 3.7672987320720184, "publisher": 3, "pubdate": "2020-06-11", "authors": [4, 10, 15, 17, 18]}}, {"model": "bookstore.book", "pk": 57, "fields": {"name": "Book57", "pages": 676, "price": "84.00", "rating": 6.1812607839098, "publisher": 3, "pubdate": "2004-05-27", "authors": [2, 5, 8, 12, 14]}}, {"model": "bookstore.book", "pk": 58, "fields": {"name": "Book58", "pages": 482, "price": "232.00", "rating": 9.838055227877344, "publisher": 3, "pubdate": "2014-06-28", "authors": [2, 4, 8, 14, 15]}}, {"model": "bookstore.book", "pk": 59, "fields": {"name": "Book59", "pages": 767, "price": "274.00", "rating": 0.47473023870852504, "publisher": 3, "pubdate": "1995-09-26", "authors": [5, 6, 15, 16, 18]}}, {"model": "bookstore.book", "pk": 60, "fields": {"name": "Book60", "pages": 584, "price": "130.00", "rating": 4.397666660284737, "publisher": 3, "pubdate": "1995-08-13", "authors": [1, 2, 4, 14, 20]}}, {"model": "bookstore.book", "pk": 61, "fields": {"name": "Book61", "pages": 629, "price": "176.00", "rating": 3.426343890517863, "publisher": 4, "pubdate": "1985-02-19", "authors": [5, 6, 9, 13, 14]}}, {"model": "bookstore.book", "pk": 62, "fields": {"name": "Book62", "pages": 406, "price": "104.00", "rating": 9.514800482181636, "publisher": 4, "pubdate": "1991-06-10", "authors": [2, 11, 13, 17, 18]}}, {"model": "bookstore.book", "pk": 63, "fields": {"name": "Book63", "pages": 517, "price": "90.00", "rating": 2.5756612628230267, "publisher": 4, "pubdate": "1992-06-07", "authors": [1, 2, 6, 7, 18]}}, {"model": "bookstore.book", "pk": 64, "fields": {"name": "Book64", "pages": 308, "price": "255.00", "rating": 9.294751826211531, "publisher": 4, "pubdate": "1985-07-09", "authors": [6, 8, 11, 15, 20]}}, {"model": "bookstore.book", "pk": 65, "fields": {"name": "Book65", "pages": 621, "price": "160.00", "rating": 5.565598565985232, "publisher": 4, "pubdate": "1990-03-17", "authors": [4, 8, 14, 15, 17]}}, {"model": "bookstore.book", "pk": 66, "fields": {"name": "Book66", "pages": 246, "price": "96.00", "rating": 6.0280175980772395, "publisher": 4, "pubdate": "1982-07-07", "authors": [4, 11, 15, 18, 19]}}, {"model": "bookstore.book", "pk": 67, "fields": {"name": "Book67", "pages": 255, "price": "118.00", "rating": 3.2098418080490907, "publisher": 4, "pubdate": "2002-08-07", "authors": [1, 6, 8, 17, 20]}}, {"model": "bookstore.book", "pk": 68, "fields": {"name": "Book68", "pages": 396, "price": "50.00", "rating": 0.8074865052193447, "publisher": 4, "pubdate": "2016-05-24", "authors": [4, 6, 11, 14, 17]}}, {"model": "bookstore.book", "pk": 69, "fields": {"name": "Book69", "pages": 685, "price": "286.00", "rating": 3.996152546333457, "publisher": 4, "pubdate": "2019-02-17", "authors": [4, 8, 11, 14, 17]}}, {"model": "bookstore.book", "pk": 70, "fields": {"name": "Book70", "pages": 173, "price": "267.00", "rating": 7.350529846065408, "publisher": 4, "pubdate": "1981-10-03", "authors": [1, 4, 6, 10, 18]}}, {"model": "bookstore.book", "pk": 71, "fields": {"name": "Book71", "pages": 343, "price": "169.00", "rating": 1.4513769356577821, "publisher": 4, "pubdate": "2012-01-27", "authors": [4, 13, 16, 18, 19]}}, {"model": "bookstore.book", "pk": 72, "fields": {"name": "Book72", "pages": 378, "price": "205.00", "rating": 2.7790728985600355, "publisher": 4, "pubdate": "1986-09-05", "authors": [1, 8, 15, 16, 18]}}, {"model": "bookstore.book", "pk": 73, "fields": {"name": "Book73", "pages": 262, "price": "115.00", "rating": 8.348237604178413, "publisher": 4, "pubdate": "2010-02-25", "authors": [9, 16, 18, 19, 20]}}, {"model": "bookstore.book", "pk": 74, "fields": {"name": "Book74", "pages": 280, "price": "188.00", "rating": 9.565373725382633, "publisher": 4, "pubdate": "2018-09-30", "authors": [2, 3, 5, 7, 11]}}, {"model": "bookstore.book", "pk": 75, "fields": {"name": "Book75", "pages": 255, "price": "168.00", "rating": 3.9942721621134805, "publisher": 4, "pubdate": "1991-01-05", "authors": [1, 4, 7, 10, 18]}}, {"model": "bookstore.book", "pk": 76, "fields": {"name": "Book76", "pages": 554, "price": "181.00", "rating": 1.902343722950478, "publisher": 4, "pubdate": "1982-11-23", "authors": [1, 11, 13, 14, 18]}}, {"model": "bookstore.book", "pk": 77, "fields": {"name": "Book77", "pages": 679, "price": "292.00", "rating": 6.429399256776801, "publisher": 4, "pubdate": "2013-01-08", "authors": [1, 3, 4, 5, 11]}}, {"model": "bookstore.book", "pk": 78, "fields": {"name": "Book78", "pages": 624, "price": "187.00", "rating": 3.3731552043271984, "publisher": 4, "pubdate": "2012-10-30", "authors": [1, 5, 11, 15, 18]}}, {"model": "bookstore.book", "pk": 79, "fields": {"name": "Book79", "pages": 635, "price": "87.00", "rating": 5.276347394554152, "publisher": 4, "pubdate": "2011-03-25", "authors": [4, 8, 15, 16, 17]}}, {"model": "bookstore.book", "pk": 80, "fields": {"name": "Book80", "pages": 160, "price": "254.00", "rating": 0.4166128730386953, "publisher": 4, "pubdate": "1990-07-07", "authors": [3, 12, 13, 14, 15]}}, {"model": "bookstore.book", "pk": 81, "fields": {"name": "Book81", "pages": 600, "price": "300.00", "rating": 4.93929434670764, "publisher": 5, "pubdate": "1978-04-28", "authors": [1, 8, 12, 13, 15]}}, {"model": "bookstore.book", "pk": 82, "fields": {"name": "Book82", "pages": 707, "price": "87.00", "rating": 6.548066112108954, "publisher": 5, "pubdate": "1979-12-02", "authors": [1, 4, 11, 17, 20]}}, {"model": "bookstore.book", "pk": 83, "fields": {"name": "Book83", "pages": 328, "price": "68.00", "rating": 7.703299322042206, "publisher": 5, "pubdate": "2019-10-01", "authors": [3, 6, 11, 12, 19]}}, {"model": "bookstore.book", "pk": 84, "fields": {"name": "Book84", "pages": 781, "price": "99.00", "rating": 6.4839675783437585, "publisher": 5, "pubdate": "1993-02-19", "authors": [9, 11, 13, 15, 17]}}, {"model": "bookstore.book", "pk": 85, "fields": {"name": "Book85", "pages": 263, "price": "251.00", "rating": 3.789557323896192, "publisher": 5, "pubdate": "2007-11-25", "authors": [1, 3, 14, 15, 19]}}, {"model": "bookstore.book", "pk": 86, "fields": {"name": "Book86", "pages": 513, "price": "194.00", "rating": 8.884488203088104, "publisher": 5, "pubdate": "2014-11-29", "authors": [5, 7, 8, 10, 16]}}, {"model": "bookstore.book", "pk": 87, "fields": {"name": "Book87", "pages": 440, "price": "95.00", "rating": 9.646864690840982, "publisher": 5, "pubdate": "2017-05-08", "authors": [4, 11, 12, 13, 18]}}, {"model": "bookstore.book", "pk": 88, "fields": {"name": "Book88", "pages": 493, "price": "78.00", "rating": 8.22492225056958, "publisher": 5, "pubdate": "2001-05-02", "authors": [3, 8, 13, 14, 20]}}, {"model": "bookstore.book", "pk": 89, "fields": {"name": "Book89", "pages": 309, "price": "246.00", "rating": 3.9992386028928992, "publisher": 5, "pubdate": "2017-08-17", "authors": [6, 16, 17, 18, 20]}}, {"model": "bookstore.book", "pk": 90, "fields": {"name": "Book90", "pages": 455, "price": "51.00", "rating": 7.492690556867101, "publisher": 5, "pubdate": "1996-11-27", "authors": [2, 3, 15, 18, 20]}}, {"model": "bookstore.book", "pk": 91, "fields": {"name": "Book91", "pages": 688, "price": "201.00", "rating": 8.476110791206676, "publisher": 5, "pubdate": "2011-07-12", "authors": [4, 6, 12, 13, 18]}}, {"model": "bookstore.book", "pk": 92, "fields": {"name": "Book92", "pages": 609, "price": "293.00", "rating": 6.438085018832501, "publisher": 5, "pubdate": "2017-07-22", "authors": [3, 11, 13, 16, 17]}}, {"model": "bookstore.book", "pk": 93, "fields": {"name": "Book93", "pages": 515, "price": "216.00", "rating": 8.624104055120041, "publisher": 5, "pubdate": "1972-01-05", "authors": [2, 3, 4, 15, 20]}}, {"model": "bookstore.book", "pk": 94, "fields": {"name": "Book94", "pages": 182, "price": "298.00", "rating": 9.342811020866698, "publisher": 5, "pubdate": "2009-04-12", "authors": [4, 9, 11, 15, 19]}}, {"model": "bookstore.book", "pk": 95, "fields": {"name": "Book95", "pages": 369, "price": "139.00", "rating": 1.559233344707024, "publisher": 5, "pubdate": "1971-07-28", "authors": [3, 8, 9, 14, 17]}}, {"model": "bookstore.book", "pk": 96, "fields": {"name": "Book96", "pages": 261, "price": "198.00", "rating": 6.487284657677503, "publisher": 5, "pubdate": "1979-03-11", "authors": [5, 6, 16, 19, 20]}}, {"model": "bookstore.book", "pk": 97, "fields": {"name": "Book97", "pages": 642, "price": "113.00", "rating": 2.9213381223767954, "publisher": 5, "pubdate": "1977-10-16", "authors": [1, 4, 7, 15, 19]}}, {"model": "bookstore.book", "pk": 98, "fields": {"name": "Book98", "pages": 344, "price": "84.00", "rating": 1.2961012381777404, "publisher": 5, "pubdate": "2011-02-09", "authors": [1, 6, 14, 17, 18]}}, {"model": "bookstore.book", "pk": 99, "fields": {"name": "Book99", "pages": 525, "price": "161.00", "rating": 1.5015365800550617, "publisher": 5, "pubdate": "1971-11-18", "authors": [1, 4, 6, 15, 17]}}, {"model": "bookstore.book", "pk": 100, "fields": {"name": "Book100", "pages": 446, "price": "201.00", "rating": 3.644976765516538, "publisher": 5, "pubdate": "1979-03-20", "authors": [2, 12, 16, 18, 19]}}, {"model": "bookstore.store", "pk": 1, "fields": {"name": "Store1", "books": [9, 32, 49, 52, 57, 61, 67, 68, 71, 75]}}, {"model": "bookstore.store", "pk": 2, "fields": {"name": "Store2", "books": [1, 17, 18, 26, 27, 44, 66, 71, 82, 98]}}, {"model": "bookstore.store", "pk": 3, "fields": {"name": "Store3", "books": [6, 9, 28, 30, 38, 44, 46, 58, 79, 88]}}, {"model": "bookstore.store", "pk": 4, "fields": {"name": "Store4", "books": [10, 15, 36, 43, 44, 47, 54, 55, 65, 95]}}, {"model": "bookstore.store", "pk": 5, "fields": {"name": "Store5", "books": [7, 19, 29, 34, 40, 57, 69, 79, 85, 100]}}, {"model": "bookstore.store", "pk": 6, "fields": {"name": "Store6", "books": [13, 15, 18, 23, 26, 36, 44, 46, 51, 57]}}, {"model": "bookstore.store", "pk": 7, "fields": {"name": "Store7", "books": [2, 13, 25, 40, 45, 52, 65, 69, 70, 84]}}, {"model": "bookstore.store", "pk": 8, "fields": {"name": "Store8", "books": [5, 6, 13, 20, 21, 45, 56, 69, 83, 100]}}, {"model": "bookstore.store", "pk": 9, "fields": {"name": "Store9", "books": [1, 12, 13, 20, 24, 28, 33, 59, 68, 84]}}, {"model": "bookstore.store", "pk": 10, "fields": {"name": "Store10", "books": [1, 4, 5, 28, 36, 62, 68, 71, 90, 94]}}]