[{"model": "auth.permission", "pk": 1, "fields": {"name": "Can add log entry", "content_type": 1, "codename": "add_logentry"}}, {"model": "auth.permission", "pk": 2, "fields": {"name": "Can change log entry", "content_type": 1, "codename": "change_logentry"}}, {"model": "auth.permission", "pk": 3, "fields": {"name": "Can delete log entry", "content_type": 1, "codename": "delete_logentry"}}, {"model": "auth.permission", "pk": 4, "fields": {"name": "Can view log entry", "content_type": 1, "codename": "view_logentry"}}, {"model": "auth.permission", "pk": 5, "fields": {"name": "Can add permission", "content_type": 2, "codename": "add_permission"}}, {"model": "auth.permission", "pk": 6, "fields": {"name": "Can change permission", "content_type": 2, "codename": "change_permission"}}, {"model": "auth.permission", "pk": 7, "fields": {"name": "Can delete permission", "content_type": 2, "codename": "delete_permission"}}, {"model": "auth.permission", "pk": 8, "fields": {"name": "Can view permission", "content_type": 2, "codename": "view_permission"}}, {"model": "auth.permission", "pk": 9, "fields": {"name": "Can add group", "content_type": 3, "codename": "add_group"}}, {"model": "auth.permission", "pk": 10, "fields": {"name": "Can change group", "content_type": 3, "codename": "change_group"}}, {"model": "auth.permission", "pk": 11, "fields": {"name": "Can delete group", "content_type": 3, "codename": "delete_group"}}, {"model": "auth.permission", "pk": 12, "fields": {"name": "Can view group", "content_type": 3, "codename": "view_group"}}, {"model": "auth.permission", "pk": 13, "fields": {"name": "Can add user", "content_type": 4, "codename": "add_user"}}, {"model": "auth.permission", "pk": 14, "fields": {"name": "Can change user", "content_type": 4, "codename": "change_user"}}, {"model": "auth.permission", "pk": 15, "fields": {"name": "Can delete user", "content_type": 4, "codename": "delete_user"}}, {"model": "auth.permission", "pk": 16, "fields": {"name": "Can view user", "content_type": 4, "codename": "view_user"}}, {"model": "auth.permission", "pk": 17, "fields": {"name": "Can add content type", "content_type": 5, "codename": "add_contenttype"}}, {"model": "auth.permission", "pk": 18, "fields": {"name": "Can change content type", "content_type": 5, "codename": "change_contenttype"}}, {"model": "auth.permission", "pk": 19, "fields": {"name": "Can delete content type", "content_type": 5, "codename": "delete_contenttype"}}, {"model": "auth.permission", "pk": 20, "fields": {"name": "Can view content type", "content_type": 5, "codename": "view_contenttype"}}, {"model": "auth.permission", "pk": 21, "fields": {"name": "Can add session", "content_type": 6, "codename": "add_session"}}, {"model": "auth.permission", "pk": 22, "fields": {"name": "Can change session", "content_type": 6, "codename": "change_session"}}, {"model": "auth.permission", "pk": 23, "fields": {"name": "Can delete session", "content_type": 6, "codename": "delete_session"}}, {"model": "auth.permission", "pk": 24, "fields": {"name": "Can view session", "content_type": 6, "codename": "view_session"}}, {"model": "auth.permission", "pk": 25, "fields": {"name": "Can add publisher", "content_type": 7, "codename": "add_publisher"}}, {"model": "auth.permission", "pk": 26, "fields": {"name": "Can change publisher", "content_type": 7, "codename": "change_publisher"}}, {"model": "auth.permission", "pk": 27, "fields": {"name": "Can delete publisher", "content_type": 7, "codename": "delete_publisher"}}, {"model": "auth.permission", "pk": 28, "fields": {"name": "Can view publisher", "content_type": 7, "codename": "view_publisher"}}, {"model": "auth.permission", "pk": 29, "fields": {"name": "Can add author", "content_type": 8, "codename": "add_author"}}, {"model": "auth.permission", "pk": 30, "fields": {"name": "Can change author", "content_type": 8, "codename": "change_author"}}, {"model": "auth.permission", "pk": 31, "fields": {"name": "Can delete author", "content_type": 8, "codename": "delete_author"}}, {"model": "auth.permission", "pk": 32, "fields": {"name": "Can view author", "content_type": 8, "codename": "view_author"}}, {"model": "auth.permission", "pk": 33, "fields": {"name": "Can add store", "content_type": 9, "codename": "add_store"}}, {"model": "auth.permission", "pk": 34, "fields": {"name": "Can change store", "content_type": 9, "codename": "change_store"}}, {"model": "auth.permission", "pk": 35, "fields": {"name": "Can delete store", "content_type": 9, "codename": "delete_store"}}, {"model": "auth.permission", "pk": 36, "fields": {"name": "Can view store", "content_type": 9, "codename": "view_store"}}, {"model": "auth.permission", "pk": 37, "fields": {"name": "Can add book", "content_type": 10, "codename": "add_book"}}, {"model": "auth.permission", "pk": 38, "fields": {"name": "Can change book", "content_type": 10, "codename": "change_book"}}, {"model": "auth.permission", "pk": 39, "fields": {"name": "Can delete book", "content_type": 10, "codename": "delete_book"}}, {"model": "auth.permission", "pk": 40, "fields": {"name": "Can view book", "content_type": 10, "codename": "view_book"}}, {"model": "auth.user", "pk": 1, "fields": {"password": "pbkdf2_sha256$260000$PHd04nQhDpKlbZWCUWdF1p$lF9BH5mqHkBbNFyp8C+mNxKNMwt69UdviMYUKLX7gRc=", "last_login": "2021-06-30T15:32:26.356Z", "is_superuser": true, "username": "admin", "first_name": "", "last_name": "", "email": "admin@mail.com", "is_staff": true, "is_active": true, "date_joined": "2021-06-30T15:32:03.705Z", "groups": [], "user_permissions": []}}, {"model": "contenttypes.contenttype", "pk": 1, "fields": {"app_label": "admin", "model": "logentry"}}, {"model": "contenttypes.contenttype", "pk": 2, "fields": {"app_label": "auth", "model": "permission"}}, {"model": "contenttypes.contenttype", "pk": 3, "fields": {"app_label": "auth", "model": "group"}}, {"model": "contenttypes.contenttype", "pk": 4, "fields": {"app_label": "auth", "model": "user"}}, {"model": "contenttypes.contenttype", "pk": 5, "fields": {"app_label": "contenttypes", "model": "contenttype"}}, {"model": "contenttypes.contenttype", "pk": 6, "fields": {"app_label": "sessions", "model": "session"}}, {"model": "contenttypes.contenttype", "pk": 7, "fields": {"app_label": "bookstore", "model": "publisher"}}, {"model": "contenttypes.contenttype", "pk": 8, "fields": {"app_label": "bookstore", "model": "author"}}, {"model": "contenttypes.contenttype", "pk": 9, "fields": {"app_label": "bookstore", "model": "store"}}, {"model": "contenttypes.contenttype", "pk": 10, "fields": {"app_label": "bookstore", "model": "book"}}, {"model": "sessions.session", "pk": "7xjjjt18cj6zuaum6wd0ehdl0if33vug", "fields": {"session_data": ".eJxVjMsOwiAQRf-FtSEFhpdL934DYYCRqoGktCvjv2uTLnR7zzn3xULc1hq2UZYwZ3Zmgp1-N4zpUdoO8j22W-ept3WZke8KP-jg157L83K4fwc1jvqtfQGrrFWEgE4IsCDBExhLaJ2OTmahEklJOvpsUE9gjJYTJEGJQCB7fwC93zce:1lycCQ:3RL4JH6c-T4YaD3_bZiAEFhKbxu114Ado1KO6Ass1XY", "expire_date": "2021-07-14T15:32:26.491Z"}}, {"model": "bookstore.author", "pk": 1, "fields": {"name": "Author1", "age": 52}}, {"model": "bookstore.author", "pk": 2, "fields": {"name": "Author2", "age": 52}}, {"model": "bookstore.author", "pk": 3, "fields": {"name": "Author3", "age": 44}}, {"model": "bookstore.author", "pk": 4, "fields": {"name": "Author4", "age": 52}}, {"model": "bookstore.author", "pk": 5, "fields": {"name": "Author5", "age": 68}}, {"model": "bookstore.author", "pk": 6, "fields": {"name": "Author6", "age": 20}}, {"model": "bookstore.author", "pk": 7, "fields": {"name": "Author7", "age": 44}}, {"model": "bookstore.author", "pk": 8, "fields": {"name": "Author8", "age": 70}}, {"model": "bookstore.author", "pk": 9, "fields": {"name": "Author9", "age": 24}}, {"model": "bookstore.author", "pk": 10, "fields": {"name": "Author10", "age": 23}}, {"model": "bookstore.author", "pk": 11, "fields": {"name": "Author11", "age": 78}}, {"model": "bookstore.author", "pk": 12, "fields": {"name": "Author12", "age": 80}}, {"model": "bookstore.author", "pk": 13, "fields": {"name": "Author13", "age": 62}}, {"model": "bookstore.author", "pk": 14, "fields": {"name": "Author14", "age": 41}}, {"model": "bookstore.author", "pk": 15, "fields": {"name": "Author15", "age": 30}}, {"model": "bookstore.author", "pk": 16, "fields": {"name": "Author16", "age": 44}}, {"model": "bookstore.author", "pk": 17, "fields": {"name": "Author17", "age": 37}}, {"model": "bookstore.author", "pk": 18, "fields": {"name": "Author18", "age": 77}}, {"model": "bookstore.author", "pk": 19, "fields": {"name": "Author19", "age": 23}}, {"model": "bookstore.author", "pk": 20, "fields": {"name": "Author20", "age": 32}}, {"model": "bookstore.publisher", "pk": 1, "fields": {"name": "Publisher1"}}, {"model": "bookstore.publisher", "pk": 2, "fields": {"name": "Publisher2"}}, {"model": "bookstore.publisher", "pk": 3, "fields": {"name": "Publisher3"}}, {"model": "bookstore.publisher", "pk": 4, "fields": {"name": "Publisher4"}}, {"model": "bookstore.publisher", "pk": 5, "fields": {"name": "Publisher5"}}, {"model": "bookstore.book", "pk": 1, "fields": {"name": "Book1", "pages": 637, "price": "108.00", "rating": 7.078957190332424, "publisher": 1, "pubdate": "1979-12-06", "authors": [2, 3, 13, 14, 20]}}, {"model": "bookstore.book", "pk": 2, "fields": {"name": "Book2", "pages": 515, "price": "230.00", "rating": 1.139824418681663, "publisher": 1, "pubdate": "1995-07-01", "authors": [3, 8, 10, 11, 12]}}, {"model": "bookstore.book", "pk": 3, "fields": {"name": "Book3", "pages": 444, "price": "65.00", "rating": 8.76703794959714, "publisher": 1, "pubdate": "2006-06-08", "authors": [3, 4, 9, 12, 18]}}, {"model": "bookstore.book", "pk": 4, "fields": {"name": "Book4", "pages": 459, "price": "135.00", "rating": 3.3789170527400447, "publisher": 1, "pubdate": "1970-08-10", "authors": [2, 7, 11, 12, 14]}}, {"model": "bookstore.book", "pk": 5, "fields": {"name": "Book5", "pages": 768, "price": "243.00", "rating": 5.28222155565644, "publisher": 1, "pubdate": "1975-07-01", "authors": [3, 4, 8, 10, 15]}}, {"model": "bookstore.book", "pk": 6, "fields": {"name": "Book6", "pages": 451, "price": "114.00", "rating": 6.628235309546171, "publisher": 1, "pubdate": "1990-05-12", "authors": [2, 9, 12, 14, 16]}}, {"model": "bookstore.book", "pk": 7, "fields": {"name": "Book7", "pages": 616, "price": "160.00", "rating": 5.072670143452006, "publisher": 1, "pubdate": "1976-01-08", "authors": [2, 5, 9, 11, 13]}}, {"model": "bookstore.book", "pk": 8, "fields": {"name": "Book8", "pages": 394, "price": "83.00", "rating": 4.804773168787529, "publisher": 1, "pubdate": "2020-02-14", "authors": [4, 7, 14, 18, 19]}}, {"model": "bookstore.book", "pk": 9, "fields": {"name": "Book9", "pages": 416, "price": "157.00", "rating": 5.6241215779997535, "publisher": 1, "pubdate": "2009-09-21", "authors": [3, 6, 7, 12, 20]}}, {"model": "bookstore.book", "pk": 10, "fields": {"name": "Book10", "pages": 342, "price": "89.00", "rating": 2.134752478068905, "publisher": 1, "pubdate": "2007-06-30", "authors": [8, 13, 14, 16, 17]}}, {"model": "bookstore.book", "pk": 11, "fields": {"name": "Book11", "pages": 190, "price": "170.00", "rating": 7.242709283236902, "publisher": 1, "pubdate": "1989-06-14", "authors": [3, 7, 10, 12, 16]}}, {"model": "bookstore.book", "pk": 12, "fields": {"name": "Book12", "pages": 273, "price": "255.00", "rating": 9.126676311178416, "publisher": 1, "pubdate": "2007-04-10", "authors": [6, 8, 10, 11, 12]}}, {"model": "bookstore.book", "pk": 13, "fields": {"name": "Book13", "pages": 552, "price": "296.00", "rating": 5.262268508988609, "publisher": 1, "pubdate": "1983-12-16", "authors": [1, 2, 13, 16, 17]}}, {"model": "bookstore.book", "pk": 14, "fields": {"name": "Book14", "pages": 421, "price": "74.00", "rating": 1.7460857165996668, "publisher": 1, "pubdate": "2006-06-15", "authors": [6, 7, 9, 19, 20]}}, {"model": "bookstore.book", "pk": 15, "fields": {"name": "Book15", "pages": 492, "price": "191.00", "rating": 9.998955284628746, "publisher": 1, "pubdate": "1999-01-09", "authors": [1, 2, 4, 8, 13]}}, {"model": "bookstore.book", "pk": 16, "fields": {"name": "Book16", "pages": 786, "price": "97.00", "rating": 1.385153735607484, "publisher": 1, "pubdate": "1991-11-10", "authors": [8, 16, 17, 19, 20]}}, {"model": "bookstore.book", "pk": 17, "fields": {"name": "Book17", "pages": 616, "price": "128.00", "rating": 9.151413215040888, "publisher": 1, "pubdate": "1997-05-26", "authors": [3, 4, 7, 11, 14]}}, {"model": "bookstore.book", "pk": 18, "fields": {"name": "Book18", "pages": 721, "price": "143.00", "rating": 3.716164953253104, "publisher": 1, "pubdate": "2016-07-19", "authors": [1, 7, 10, 15, 18]}}, {"model": "bookstore.book", "pk": 19, "fields": {"name": "Book19", "pages": 495, "price": "293.00", "rating": 1.3966290239732915, "publisher": 1, "pubdate": "2010-03-23", "authors": [2, 5, 12, 13, 15]}}, {"model": "bookstore.book", "pk": 20, "fields": {"name": "Book20", "pages": 800, "price": "163.00", "rating": 4.582510380950861, "publisher": 1, "pubdate": "2006-11-09", "authors": [4, 5, 11, 15, 17]}}, {"model": "bookstore.book", "pk": 21, "fields": {"name": "Book21", "pages": 466, "price": "76.00", "rating": 2.9592573919476193, "publisher": 2, "pubdate": "2008-11-23", "authors": [2, 3, 4, 5, 9]}}, {"model": "bookstore.book", "pk": 22, "fields": {"name": "Book22", "pages": 790, "price": "104.00", "rating": 7.74356084880445, "publisher": 2, "pubdate": "2015-10-17", "authors": [1, 14, 16, 17, 18]}}, {"model": "bookstore.book", "pk": 23, "fields": {"name": "Book23", "pages": 416, "price": "133.00", "rating": 2.45761085975045, "publisher": 2, "pubdate": "1993-08-03", "authors": [2, 5, 11, 18, 19]}}, {"model": "bookstore.book", "pk": 24, "fields": {"name": "Book24", "pages": 663, "price": "90.00", "rating": 5.688373120672373, "publisher": 2, "pubdate": "1997-10-11", "authors": [10, 13, 15, 16, 18]}}, {"model": "bookstore.book", "pk": 25, "fields": {"name": "Book25", "pages": 180, "price": "90.00", "rating": 5.4234525341648485, "publisher": 2, "pubdate": "1973-06-11", "authors": [1, 11, 17, 19, 20]}}, {"model": "bookstore.book", "pk": 26, "fields": {"name": "Book26", "pages": 716, "price": "63.00", "rating": 7.919108096626192, "publisher": 2, "pubdate": "1970-09-11", "authors": [1, 5, 9, 19, 20]}}, {"model": "bookstore.book", "pk": 27, "fields": {"name": "Book27", "pages": 206, "price": "86.00", "rating": 2.910917387260308, "publisher": 2, "pubdate": "1983-05-04", "authors": [6, 9, 12, 15, 20]}}, {"model": "bookstore.book", "pk": 28, "fields": {"name": "Book28", "pages": 238, "price": "155.00", "rating": 6.852091982081814, "publisher": 2, "pubdate": "1994-10-03", "authors": [6, 9, 16, 17, 18]}}, {"model": "bookstore.book", "pk": 29, "fields": {"name": "Book29", "pages": 717, "price": "114.00", "rating": 3.424197573040159, "publisher": 2, "pubdate": "1984-06-15", "authors": [6, 7, 15, 17, 18]}}, {"model": "bookstore.book", "pk": 30, "fields": {"name": "Book30", "pages": 178, "price": "83.00", "rating": 5.871612678530057, "publisher": 2, "pubdate": "2017-05-17", "authors": [1, 9, 10, 15, 19]}}, {"model": "bookstore.book", "pk": 31, "fields": {"name": "Book31", "pages": 225, "price": "108.00", "rating": 1.5381590460400174, "publisher": 2, "pubdate": "1972-05-28", "authors": [3, 6, 14, 17, 19]}}, {"model": "bookstore.book", "pk": 32, "fields": {"name": "Book32", "pages": 384, "price": "167.00", "rating": 9.15671538395027, "publisher": 2, "pubdate": "1983-01-23", "authors": [8, 10, 12, 18, 20]}}, {"model": "bookstore.book", "pk": 33, "fields": {"name": "Book33", "pages": 682, "price": "266.00", "rating": 9.542784489305276, "publisher": 2, "pubdate": "2003-08-11", "authors": [5, 7, 9, 16, 19]}}, {"model": "bookstore.book", "pk": 34, "fields": {"name": "Book34", "pages": 605, "price": "140.00", "rating": 5.969298086569111, "publisher": 2, "pubdate": "1973-10-18", "authors": [2, 5, 10, 16, 19]}}, {"model": "bookstore.book", "pk": 35, "fields": {"name": "Book35", "pages": 284, "price": "173.00", "rating": 5.741561346973059, "publisher": 2, "pubdate": "1982-05-28", "authors": [1, 5, 7, 8, 9]}}, {"model": "bookstore.book", "pk": 36, "fields": {"name": "Book36", "pages": 711, "price": "143.00", "rating": 8.053030986352365, "publisher": 2, "pubdate": "2011-06-27", "authors": [3, 5, 7, 9, 19]}}, {"model": "bookstore.book", "pk": 37, "fields": {"name": "Book37", "pages": 259, "price": "129.00", "rating": 1.5952421966816421, "publisher": 2, "pubdate": "2006-03-11", "authors": [7, 9, 12, 13, 18]}}, {"model": "bookstore.book", "pk": 38, "fields": {"name": "Book38", "pages": 185, "price": "179.00", "rating": 6.005466303729278, "publisher": 2, "pubdate": "2007-12-07", "authors": [4, 6, 7, 18, 20]}}, {"model": "bookstore.book", "pk": 39, "fields": {"name": "Book39", "pages": 360, "price": "239.00", "rating": 6.678119662665636, "publisher": 2, "pubdate": "1988-08-09", "authors": [1, 2, 5, 8, 13]}}, {"model": "bookstore.book", "pk": 40, "fields": {"name": "Book40", "pages": 432, "price": "244.00", "rating": 8.979654556598671, "publisher": 2, "pubdate": "2000-03-17", "authors": [1, 2, 4, 6, 16]}}, {"model": "bookstore.book", "pk": 41, "fields": {"name": "Book41", "pages": 427, "price": "243.00", "rating": 8.454699643341266, "publisher": 3, "pubdate": "1999-04-27", "authors": [2, 14, 16, 18, 19]}}, {"model": "bookstore.book", "pk": 42, "fields": {"name": "Book42", "pages": 629, "price": "233.00", "rating": 0.32515380632291646, "publisher": 3, "pubdate": "1982-11-01", "authors": [1, 4, 9, 12, 14]}}, {"model": "bookstore.book", "pk": 43, "fields": {"name": "Book43", "pages": 708, "price": "277.00", "rating": 1.071909019552466, "publisher": 3, "pubdate": "2019-11-05", "authors": [2, 5, 10, 12, 14]}}, {"model": "bookstore.book", "pk": 44, "fields": {"name": "Book44", "pages": 508, "price": "93.00", "rating": 8.258279474979833, "publisher": 3, "pubdate": "1978-09-23", "authors": [2, 3, 10, 17, 19]}}, {"model": "bookstore.book", "pk": 45, "fields": {"name": "Book45", "pages": 298, "price": "251.00", "rating": 9.349912174566267, "publisher": 3, "pubdate": "2007-01-14", "authors": [7, 13, 16, 17, 18]}}, {"model": "bookstore.book", "pk": 46, "fields": {"name": "Book46", "pages": 637, "price": "132.00", "rating": 3.836352730553334, "publisher": 3, "pubdate": "2007-05-01", "authors": [4, 7, 14, 15, 18]}}, {"model": "bookstore.book", "pk": 47, "fields": {"name": "Book47", "pages": 640, "price": "234.00", "rating": 4.952878823675169, "publisher": 3, "pubdate": "2016-12-09", "authors": [6, 9, 11, 14, 15]}}, {"model": "bookstore.book", "pk": 48, "fields": {"name": "Book48", "pages": 152, "price": "155.00", "rating": 8.978338096781636, "publisher": 3, "pubdate": "2018-05-19", "authors": [2, 3, 4, 6, 8]}}, {"model": "bookstore.book", "pk": 49, "fields": {"name": "Book49", "pages": 761, "price": "175.00", "rating": 3.061237984081573, "publisher": 3, "pubdate": "1972-03-07", "authors": [1, 10, 12, 13, 20]}}, {"model": "bookstore.book", "pk": 50, "fields": {"name": "Book50", "pages": 790, "price": "159.00", "rating": 6.433446520522491, "publisher": 3, "pubdate": "1992-08-03", "authors": [6, 9, 13, 15, 16]}}, {"model": "bookstore.book", "pk": 51, "fields": {"name": "Book51", "pages": 216, "price": "148.00", "rating": 6.256559306299278, "publisher": 3, "pubdate": "2017-04-14", "authors": [2, 6, 9, 15, 19]}}, {"model": "bookstore.book", "pk": 52, "fields": {"name": "Book52", "pages": 495, "price": "91.00", "rating": 6.160104947642994, "publisher": 3, "pubdate": "1998-07-12", "authors": [7, 9, 13, 15, 17]}}, {"model": "bookstore.book", "pk": 53, "fields": {"name": "Book53", "pages": 594, "price": "142.00", "rating": 6.8993003313476855, "publisher": 3, "pubdate": "1998-03-22", "authors": [9, 14, 16, 17, 19]}}, {"model": "bookstore.book", "pk": 54, "fields": {"name": "Book54", "pages": 669, "price": "292.00", "rating": 7.84483345113739, "publisher": 3, "pubdate": "1991-11-01", "authors": [2, 14, 15, 17, 18]}}, {"model": "bookstore.book", "pk": 55, "fields": {"name": "Book55", "pages": 775, "price": "52.00", "rating": 1.1006698626922062, "publisher": 3, "pubdate": "2010-03-24", "authors": [6, 7, 10, 15, 20]}}, {"model": "bookstore.book", "pk": 56, "fields": {"name": "Book56", "pages": 451, "price": "150.00", "rating": 9.963377354738407, "publisher": 3, "pubdate": "1973-09-07", "authors": [2, 4, 6, 14, 15]}}, {"model": "bookstore.book", "pk": 57, "fields": {"name": "Book57", "pages": 787, "price": "207.00", "rating": 0.3354785370570923, "publisher": 3, "pubdate": "1995-06-04", "authors": [1, 2, 4, 10, 18]}}, {"model": "bookstore.book", "pk": 58, "fields": {"name": "Book58", "pages": 382, "price": "146.00", "rating": 6.948961175474118, "publisher": 3, "pubdate": "2010-07-24", "authors": [1, 2, 13, 14, 17]}}, {"model": "bookstore.book", "pk": 59, "fields": {"name": "Book59", "pages": 343, "price": "202.00", "rating": 6.928088617653218, "publisher": 3, "pubdate": "1977-05-19", "authors": [2, 4, 10, 15, 16]}}, {"model": "bookstore.book", "pk": 60, "fields": {"name": "Book60", "pages": 642, "price": "233.00", "rating": 0.2576696098378728, "publisher": 3, "pubdate": "1989-12-20", "authors": [4, 6, 12, 16, 17]}}, {"model": "bookstore.book", "pk": 61, "fields": {"name": "Book61", "pages": 664, "price": "235.00", "rating": 3.3168059275259387, "publisher": 4, "pubdate": "2010-08-09", "authors": [2, 5, 9, 14, 16]}}, {"model": "bookstore.book", "pk": 62, "fields": {"name": "Book62", "pages": 757, "price": "290.00", "rating": 8.55968260140587, "publisher": 4, "pubdate": "1986-01-13", "authors": [1, 3, 7, 11, 18]}}, {"model": "bookstore.book", "pk": 63, "fields": {"name": "Book63", "pages": 450, "price": "57.00", "rating": 0.12429378775691169, "publisher": 4, "pubdate": "1979-03-25", "authors": [2, 3, 7, 9, 16]}}, {"model": "bookstore.book", "pk": 64, "fields": {"name": "Book64", "pages": 358, "price": "273.00", "rating": 0.21521653071025604, "publisher": 4, "pubdate": "2013-09-06", "authors": [4, 6, 7, 8, 15]}}, {"model": "bookstore.book", "pk": 65, "fields": {"name": "Book65", "pages": 291, "price": "112.00", "rating": 0.6893157166007047, "publisher": 4, "pubdate": "1976-10-03", "authors": [6, 7, 11, 18, 20]}}, {"model": "bookstore.book", "pk": 66, "fields": {"name": "Book66", "pages": 623, "price": "130.00", "rating": 7.773047390527759, "publisher": 4, "pubdate": "1996-10-08", "authors": [1, 12, 15, 17, 19]}}, {"model": "bookstore.book", "pk": 67, "fields": {"name": "Book67", "pages": 250, "price": "261.00", "rating": 5.870133886819464, "publisher": 4, "pubdate": "1988-01-12", "authors": [3, 7, 15, 16, 19]}}, {"model": "bookstore.book", "pk": 68, "fields": {"name": "Book68", "pages": 747, "price": "196.00", "rating": 6.722329296708137, "publisher": 4, "pubdate": "2011-10-26", "authors": [9, 10, 18, 19, 20]}}, {"model": "bookstore.book", "pk": 69, "fields": {"name": "Book69", "pages": 290, "price": "148.00", "rating": 6.593734887564155, "publisher": 4, "pubdate": "1985-08-04", "authors": [1, 8, 9, 11, 15]}}, {"model": "bookstore.book", "pk": 70, "fields": {"name": "Book70", "pages": 600, "price": "57.00", "rating": 0.59938876898469, "publisher": 4, "pubdate": "1988-03-04", "authors": [2, 10, 12, 13, 20]}}, {"model": "bookstore.book", "pk": 71, "fields": {"name": "Book71", "pages": 198, "price": "265.00", "rating": 1.5986012938610417, "publisher": 4, "pubdate": "2008-12-02", "authors": [5, 6, 14, 18, 19]}}, {"model": "bookstore.book", "pk": 72, "fields": {"name": "Book72", "pages": 380, "price": "204.00", "rating": 0.9354075042911625, "publisher": 4, "pubdate": "1971-09-22", "authors": [1, 3, 7, 9, 18]}}, {"model": "bookstore.book", "pk": 73, "fields": {"name": "Book73", "pages": 385, "price": "100.00", "rating": 4.547701421868869, "publisher": 4, "pubdate": "1996-01-07", "authors": [6, 8, 9, 15, 20]}}, {"model": "bookstore.book", "pk": 74, "fields": {"name": "Book74", "pages": 175, "price": "220.00", "rating": 8.705620814795571, "publisher": 4, "pubdate": "1985-10-01", "authors": [4, 6, 9, 11, 16]}}, {"model": "bookstore.book", "pk": 75, "fields": {"name": "Book75", "pages": 406, "price": "177.00", "rating": 0.8472968702909423, "publisher": 4, "pubdate": "1991-02-02", "authors": [4, 7, 9, 10, 11]}}, {"model": "bookstore.book", "pk": 76, "fields": {"name": "Book76", "pages": 487, "price": "222.00", "rating": 2.1385993273742363, "publisher": 4, "pubdate": "1995-03-08", "authors": [1, 3, 11, 14, 20]}}, {"model": "bookstore.book", "pk": 77, "fields": {"name": "Book77", "pages": 508, "price": "168.00", "rating": 1.6091958362293557, "publisher": 4, "pubdate": "1981-08-22", "authors": [1, 5, 6, 11, 12]}}, {"model": "bookstore.book", "pk": 78, "fields": {"name": "Book78", "pages": 308, "price": "270.00", "rating": 8.558570640804529, "publisher": 4, "pubdate": "2012-12-24", "authors": [2, 6, 12, 18, 20]}}, {"model": "bookstore.book", "pk": 79, "fields": {"name": "Book79", "pages": 156, "price": "116.00", "rating": 9.763324836585793, "publisher": 4, "pubdate": "1972-02-14", "authors": [2, 9, 10, 17, 18]}}, {"model": "bookstore.book", "pk": 80, "fields": {"name": "Book80", "pages": 300, "price": "183.00", "rating": 2.143881718319621, "publisher": 4, "pubdate": "2018-10-11", "authors": [3, 4, 13, 14, 19]}}, {"model": "bookstore.book", "pk": 81, "fields": {"name": "Book81", "pages": 381, "price": "288.00", "rating": 9.97705889701483, "publisher": 5, "pubdate": "1990-01-20", "authors": [2, 4, 7, 19, 20]}}, {"model": "bookstore.book", "pk": 82, "fields": {"name": "Book82", "pages": 257, "price": "296.00", "rating": 0.2333683882051052, "publisher": 5, "pubdate": "1977-01-20", "authors": [3, 7, 11, 13, 19]}}, {"model": "bookstore.book", "pk": 83, "fields": {"name": "Book83", "pages": 528, "price": "116.00", "rating": 8.927365191497184, "publisher": 5, "pubdate": "2004-02-09", "authors": [1, 9, 11, 13, 14]}}, {"model": "bookstore.book", "pk": 84, "fields": {"name": "Book84", "pages": 620, "price": "60.00", "rating": 8.137322536249274, "publisher": 5, "pubdate": "1977-08-28", "authors": [7, 14, 15, 16, 20]}}, {"model": "bookstore.book", "pk": 85, "fields": {"name": "Book85", "pages": 195, "price": "118.00", "rating": 3.2722453355790346, "publisher": 5, "pubdate": "1980-10-28", "authors": [1, 7, 11, 13, 20]}}, {"model": "bookstore.book", "pk": 86, "fields": {"name": "Book86", "pages": 738, "price": "202.00", "rating": 3.113822836669462, "publisher": 5, "pubdate": "2003-09-21", "authors": [4, 7, 8, 15, 17]}}, {"model": "bookstore.book", "pk": 87, "fields": {"name": "Book87", "pages": 365, "price": "208.00", "rating": 1.960498533239422, "publisher": 5, "pubdate": "1991-08-07", "authors": [3, 9, 10, 14, 15]}}, {"model": "bookstore.book", "pk": 88, "fields": {"name": "Book88", "pages": 530, "price": "179.00", "rating": 6.775891372175106, "publisher": 5, "pubdate": "2021-01-23", "authors": [1, 6, 7, 14, 20]}}, {"model": "bookstore.book", "pk": 89, "fields": {"name": "Book89", "pages": 204, "price": "117.00", "rating": 0.7883853884311376, "publisher": 5, "pubdate": "1970-01-18", "authors": [2, 4, 7, 17, 20]}}, {"model": "bookstore.book", "pk": 90, "fields": {"name": "Book90", "pages": 346, "price": "225.00", "rating": 6.563186561551814, "publisher": 5, "pubdate": "1992-12-19", "authors": [9, 16, 17, 19, 20]}}, {"model": "bookstore.book", "pk": 91, "fields": {"name": "Book91", "pages": 728, "price": "255.00", "rating": 4.112016521091517, "publisher": 5, "pubdate": "2005-11-14", "authors": [3, 5, 7, 8, 16]}}, {"model": "bookstore.book", "pk": 92, "fields": {"name": "Book92", "pages": 397, "price": "85.00", "rating": 4.885743454118643, "publisher": 5, "pubdate": "1988-11-12", "authors": [8, 9, 12, 14, 15]}}, {"model": "bookstore.book", "pk": 93, "fields": {"name": "Book93", "pages": 752, "price": "145.00", "rating": 4.760631225158214, "publisher": 5, "pubdate": "2010-04-09", "authors": [7, 14, 18, 19, 20]}}, {"model": "bookstore.book", "pk": 94, "fields": {"name": "Book94", "pages": 674, "price": "255.00", "rating": 9.850124876394696, "publisher": 5, "pubdate": "2019-06-22", "authors": [2, 5, 10, 17, 18]}}, {"model": "bookstore.book", "pk": 95, "fields": {"name": "Book95", "pages": 413, "price": "152.00", "rating": 9.172894727605316, "publisher": 5, "pubdate": "1974-08-31", "authors": [1, 10, 11, 12, 14]}}, {"model": "bookstore.book", "pk": 96, "fields": {"name": "Book96", "pages": 177, "price": "103.00", "rating": 8.174758522834566, "publisher": 5, "pubdate": "2014-05-13", "authors": [10, 12, 13, 14, 16]}}, {"model": "bookstore.book", "pk": 97, "fields": {"name": "Book97", "pages": 500, "price": "256.00", "rating": 7.513171531360111, "publisher": 5, "pubdate": "2014-03-31", "authors": [2, 4, 5, 6, 16]}}, {"model": "bookstore.book", "pk": 98, "fields": {"name": "Book98", "pages": 673, "price": "282.00", "rating": 7.639033814628146, "publisher": 5, "pubdate": "2012-08-11", "authors": [5, 8, 10, 11, 19]}}, {"model": "bookstore.book", "pk": 99, "fields": {"name": "Book99", "pages": 269, "price": "277.00", "rating": 5.277740587488778, "publisher": 5, "pubdate": "2001-05-11", "authors": [3, 7, 10, 12, 13]}}, {"model": "bookstore.book", "pk": 100, "fields": {"name": "Book100", "pages": 735, "price": "169.00", "rating": 7.208703308078959, "publisher": 5, "pubdate": "1989-05-09", "authors": [1, 5, 6, 7, 18]}}, {"model": "bookstore.store", "pk": 1, "fields": {"name": "Store1", "books": [2, 20, 42, 44, 47, 55, 75, 92, 93, 94]}}, {"model": "bookstore.store", "pk": 2, "fields": {"name": "Store2", "books": [3, 8, 9, 11, 14, 16, 25, 37, 54, 74]}}, {"model": "bookstore.store", "pk": 3, "fields": {"name": "Store3", "books": [1, 5, 6, 12, 38, 49, 53, 67, 89, 95]}}, {"model": "bookstore.store", "pk": 4, "fields": {"name": "Store4", "books": [8, 12, 15, 31, 46, 48, 59, 65, 81, 94]}}, {"model": "bookstore.store", "pk": 5, "fields": {"name": "Store5", "books": [11, 61, 65, 68, 72, 83, 90, 95, 97, 98]}}, {"model": "bookstore.store", "pk": 6, "fields": {"name": "Store6", "books": [2, 25, 26, 35, 52, 74, 78, 80, 84, 88]}}, {"model": "bookstore.store", "pk": 7, "fields": {"name": "Store7", "books": [15, 16, 23, 26, 36, 37, 41, 67, 89, 91]}}, {"model": "bookstore.store", "pk": 8, "fields": {"name": "Store8", "books": [7, 9, 21, 22, 39, 51, 61, 72, 84, 88]}}, {"model": "bookstore.store", "pk": 9, "fields": {"name": "Store9", "books": [14, 23, 24, 29, 34, 35, 36, 50, 53, 94]}}, {"model": "bookstore.store", "pk": 10, "fields": {"name": "Store10", "books": [4, 15, 41, 51, 56, 64, 81, 82, 97, 98]}}]